INSERT INTO `customcommand`(`serverId`, `command`, `url`) VALUES 
('234024379179204608','skeletongif','https://tenor.com/view/el-baile-del-troleo-shitposting-esqueleto-gif-18990991'), 
('887664983037599825','yuqiinseptember','https://cdn.discordapp.com/attachments/891420253270212648/891420325282189342/nXA0Lq3nTr0q6ZUy.mp4'), 
('887664983037599825','jiuinseptember','https://cdn.discordapp.com/attachments/891420253270212648/891420322677534760/S9wjD3RyqwmTTzb_.mp4'), 
('887664983037599825','dcvibing','https://media.discordapp.net/attachments/887664983515754527/896467819099746334/SmartSelect_20211009-204254_YouTube.gif'), 
('887664983037599825','jiurabbit','https://cdn.discordapp.com/attachments/891420253270212648/896676916894007346/Jiurabbit.gif'),
('887664983037599825','jiufetti','https://cdn.discordapp.com/attachments/891420253270212648/901536328028655677/jiufetti.gif'),
('887664983037599825','marcvibe','https://cdn.discordapp.com/attachments/891420253270212648/901803505499648061/SmartSelect_20211023-013032_Video_Player.gif'),
('887664983037599825','wolketwerk','https://cdn.discordapp.com/attachments/891420253270212648/901912954960764939/ezgif-4-56d067b8fe5a.gif'),
('887664983037599825','wolkevibe','https://cdn.discordapp.com/attachments/891420253270212648/901912958483984424/ezgif-4-4dc183d3ae7a.gif'),
('887664983037599825','wolkeded','https://cdn.discordapp.com/attachments/891420253270212648/901939351112519720/ezgif-6-a5d8a8e8dc8b.gif'),
('887664983037599825','dccomeback','https://cdn.discordapp.com/attachments/891420253270212648/903050547022659614/Dc-meme.gif'),
('887664983037599825','jiuono','https://cdn.discordapp.com/attachments/891420253270212648/904422158623707176/jiuono.gif'),
('887664983037599825','suafeels','https://cdn.discordapp.com/attachments/891420253270212648/905599694472876082/106dda7d0c7300fe331f05766cee6579.mp4'),
('887664983037599825','fightme','https://cdn.discordapp.com/attachments/887664983515754527/906249925707313272/9017efa8a620ffc1aaaf69f3c01d010b.jpg'),
('887664983037599825','jiuparty','https://cdn.discordapp.com/attachments/891420253270212648/908433563983167498/jiuparty.gif'),
('887664983037599825','jiuheadbang','https://cdn.discordapp.com/attachments/891420253270212648/892110415021097071/Jiuheadbang_3.gif'),
('887664983037599825','dcgotnoroots','https://cdn.discordapp.com/attachments/891420253270212648/911799808518414406/v09044g40000c699t4rc77u44581htpg.mp4'),
('887664983037599825','singji','https://cdn.discordapp.com/attachments/891420253270212648/911800573202931742/VID_150305_minx_play_strange_jiu_-_-_-_jiu_siyeon_singji.mp4'),
('887664983037599825','jiucute','https://cdn.discordapp.com/attachments/891420253270212648/911800596577804288/v09044g40000c64nh8jc77ubfn5mjki0.mp4'),
('887664983037599825','jiuscream','https://cdn.discordapp.com/attachments/891420253270212648/911801962801004584/INyZMFlsUi_-u9N_1.mp4'),
('887664983037599825','singjihug','https://cdn.discordapp.com/attachments/891420253270212648/912158487155449856/singjihug.gif'),
('777213026071609364','peniscum','https://cdn.discordapp.com/attachments/909432047456645120/912352364411895848/peniscum.gif'),
('777213026071609364','uwu','https://cdn.discordapp.com/attachments/909432047456645120/912358836164235264/ErjNAGlXcAMPqFr.jpg'),
('777213026071609364','loser','https://cdn.discordapp.com/attachments/909432047456645120/912359214763102248/EvwEAviUYAUgHIv.jpg'),
('887664983037599825','jiuwoo','https://cdn.discordapp.com/attachments/891420253270212648/915675083442384906/-Ckfy3s9fV0O55dV.mp4'),
('887664983037599825','jiusounds','https://cdn.discordapp.com/attachments/891420253270212648/917123777945542717/Zn1aCOHzdCYh4qvG.mp4'),
('887664983037599825','jiupolka','https://gfycat.com/powerfulleafyfennecfox'),
('887664983037599825','singjisealclap','singjisealclap;https://cdn.discordapp.com/attachments/891420253270212648/921374602406535228/singjiclap.mp4'),
('887664983037599825','jiufighting','https://media.discordapp.net/attachments/891420253270212648/924701086219141130/fighting-jiu.gif'),
('887664983037599825','suaring','https://cdn.discordapp.com/attachments/891420253270212648/925213460877410345/unknown_2.png'),
('887664983037599825','sudonghug','https://cdn.discordapp.com/attachments/891420253270212648/940319895034408980/sudonghug.gif')
;

INSERT INTO `greeting`(`url`) VALUES 
('https://cdn.discordapp.com/attachments/891418209843044354/891418299483713576/dreamcatcher-jiu.gif'),
('https://cdn.discordapp.com/attachments/891418209843044354/891418278990336020/dojauchistwt-jiu.gif'),
('https://cdn.discordapp.com/attachments/891418209843044354/891418311760437258/jiu-kim-minji.gif'),
('https://cdn.discordapp.com/attachments/891418209843044354/891418313949872128/jiu-dreamcatcher.gif'),
('https://cdn.discordapp.com/attachments/891418209843044354/891418321617035294/smile-lip-bite.gif'),
('https://cdn.discordapp.com/attachments/891418209843044354/912357025336397894/jiu-kim-minji.gif'),
('https://cdn.discordapp.com/attachments/891418209843044354/912357026535989308/Tumblr_l_1753349613761981.gif'),
('https://cdn.discordapp.com/attachments/891418209843044354/912357027689406474/dreamcatcher-.gif')
;

INSERT INTO `keyword`(`trigger`, `response`) VALUES 
('Baksáné','She who shall not be named!'),
('Orbán Viktor','Magának V. Iktor excellenciás úr!'),
('Anyád','Vigyázz kivel beszélsz!')
;

INSERT INTO `lastfm`(`userId`, `username`) VALUES 
('125681256385085440','kecskeharcos'),
('853368258672459806','JoJonaseh'),
('266717280681852929','LeKingK'),
('338071377972035587','EinfachNurVerox'),
('207175249995759616','localwolke'),
('264505584554868738','Supreme_Bamboo'),
('558290715290107915','jiulvrr'),
('465433432692883466','minker'),
('312275376422387723','Materacci')
;

INSERT INTO `role`(`serverId`, `roleName`, `roleId`) VALUES 
('887664983037599825','Stream Farts','887684795486855259'),
('234024379179204608','Vásárjáró','776814987674910750'),
('887664983037599825','Fart Party','896808085664960534')
;

INSERT INTO `serversetting`(`serverId`, `musicChannel`, `roleChannel`, `tChannelId`, `tChannelLink`, `tNotifChannel`, `tNotifRole`) VALUES 
('887664983037599825','890613678976671756','890614750201937930','153080856','https://www.twitch.tv/meeloistryingart','887672984381296650','887684795486855259'),
('751496810081812611','0','0','','','0','0'),
('234024379179204608','0','0','','','0','0'),
('824953859826909205','0','0','','','0','0'),
('777213026071609364','0','0','','','0','0')
;